{"loss": [0.3391185998916626, 0.22855646908283234, 0.1616743505001068, 0.1028725877404213, 0.07458464801311493, 0.054677680134773254, 0.048454463481903076, 0.03657742589712143, 0.03543996810913086, 0.025471385568380356, 0.029304534196853638, 0.025449702516198158, 0.023228831589221954, 0.021765051409602165, 0.019638264551758766, 0.02045919932425022, 0.02294580452144146, 0.015868794173002243, 0.015280085615813732, 0.013930761255323887, 0.017504291608929634, 0.012187894433736801, 0.013164251111447811, 0.013805665075778961, 0.011793334037065506], "Accuracy": [0.8634374737739563, 0.9089375138282776, 0.9387500286102295, 0.9621875286102295, 0.9723749756813049, 0.9806874990463257, 0.9819999933242798, 0.9877499938011169, 0.9877499938011169, 0.991937518119812, 0.9903749823570251, 0.9915624856948853, 0.9923750162124634, 0.9928749799728394, 0.9927499890327454, 0.9929375052452087, 0.9925000071525574, 0.9946874976158142, 0.9944999814033508, 0.9955000281333923, 0.9938750267028809, 0.9961875081062317, 0.9955624938011169, 0.9956874847412109, 0.9965000152587891], "precision": [0.8634374737739563, 0.9089375138282776, 0.9387500286102295, 0.9621875286102295, 0.9723749756813049, 0.9806874990463257, 0.9819999933242798, 0.9877499938011169, 0.9877499938011169, 0.991937518119812, 0.9903749823570251, 0.9915624856948853, 0.9923750162124634, 0.9928749799728394, 0.9927499890327454, 0.9929375052452087, 0.9925000071525574, 0.9946874976158142, 0.9944999814033508, 0.9955000281333923, 0.9938750267028809, 0.9961875081062317, 0.9955624938011169, 0.9956874847412109, 0.9965000152587891], "recall": [0.8634374737739563, 0.9089375138282776, 0.9387500286102295, 0.9621875286102295, 0.9723749756813049, 0.9806874990463257, 0.9819999933242798, 0.9877499938011169, 0.9877499938011169, 0.991937518119812, 0.9903749823570251, 0.9915624856948853, 0.9923750162124634, 0.9928749799728394, 0.9927499890327454, 0.9929375052452087, 0.9925000071525574, 0.9946874976158142, 0.9944999814033508, 0.9955000281333923, 0.9938750267028809, 0.9961875081062317, 0.9955624938011169, 0.9956874847412109, 0.9965000152587891], "val_loss": [0.30349019169807434, 0.26087141036987305, 0.23103010654449463, 0.34625425934791565, 0.27717748284339905, 0.29676172137260437, 0.38049817085266113, 0.4609243869781494, 0.4890398383140564, 0.45048776268959045, 0.4137207567691803, 0.38615405559539795, 0.35893628001213074, 0.449848473072052, 0.40413275361061096, 0.3850184381008148, 0.375210702419281, 0.43871423602104187, 0.4211103022098541, 0.4697999060153961, 0.5338373184204102, 0.40369781851768494, 0.4012516140937805, 0.5394590497016907, 0.4922606945037842], "val_Accuracy": [0.8740000128746033, 0.909250020980835, 0.9129999876022339, 0.9049999713897705, 0.9167500138282776, 0.9179999828338623, 0.9172499775886536, 0.9177500009536743, 0.9127500057220459, 0.9202499985694885, 0.9192500114440918, 0.9202499985694885, 0.921500027179718, 0.9172499775886536, 0.922249972820282, 0.9247499704360962, 0.9237499833106995, 0.9212499856948853, 0.9240000247955322, 0.9235000014305115, 0.9190000295639038, 0.9252499938011169, 0.9290000200271606, 0.9197499752044678, 0.9257500171661377], "val_precision": [0.8740000128746033, 0.909250020980835, 0.9129999876022339, 0.9049999713897705, 0.9167500138282776, 0.9179999828338623, 0.9172499775886536, 0.9177500009536743, 0.9127500057220459, 0.9202499985694885, 0.9192500114440918, 0.9202499985694885, 0.921500027179718, 0.9172499775886536, 0.922249972820282, 0.9247499704360962, 0.9237499833106995, 0.9212499856948853, 0.9240000247955322, 0.9235000014305115, 0.9190000295639038, 0.9252499938011169, 0.9290000200271606, 0.9197499752044678, 0.9257500171661377], "val_recall": [0.8740000128746033, 0.909250020980835, 0.9129999876022339, 0.9049999713897705, 0.9167500138282776, 0.9179999828338623, 0.9172499775886536, 0.9177500009536743, 0.9127500057220459, 0.9202499985694885, 0.9192500114440918, 0.9202499985694885, 0.921500027179718, 0.9172499775886536, 0.922249972820282, 0.9247499704360962, 0.9237499833106995, 0.9212499856948853, 0.9240000247955322, 0.9235000014305115, 0.9190000295639038, 0.9252499938011169, 0.9290000200271606, 0.9197499752044678, 0.9257500171661377]}