{"accuracy": [0.6004552245140076, 0.8313393592834473, 0.8990113139152527, 0.9261967539787292, 0.9417455196380615, 0.9508926868438721, 0.9551461935043335, 0.9628849625587463, 0.9660715460777283, 0.9695568680763245], "loss": [1.3885037899017334, 0.5629563927650452, 0.35131382942199707, 0.2558925151824951, 0.25108984112739563, 0.23774972558021545, 0.171633780002594, 0.12418022751808167, 0.14455536007881165, 0.10084336251020432], "val_accuracy": [0.7364557385444641, 0.8815160393714905, 0.9075233340263367, 0.925165057182312, 0.9492943286895752, 0.8222171664237976, 0.9431481957435608, 0.9388231039047241, 0.9408149123191833, 0.9634076952934265], "val_loss": [0.8370760083198547, 0.37342116236686707, 0.27686935663223267, 0.22962932288646698, 0.15671227872371674, 0.6463354825973511, 0.18414618074893951, 0.20669959485530853, 0.20154476165771484, 0.12962442636489868]}